Customer ID,Gender,Age,Annual Income,Spending Score
1,Male,30,151479,89
2,Female,58,185088,95
3,Female,62,70912,76
4,Male,23,55460,57
5,Male,24,153752,76
6,Male,42,158335,40
7,Female,27,163501,37
8,Male,24,70476,17
9,Male,83,47743,34
10,Female,62,63448,3
11,Male,37,170566,75
12,Female,63,89355,80
13,Male,25,87576,17
14,Female,32,159892,96
15,Female,51,135079,87
16,Female,64,32869,81
17,Male,19,198682,82
18,Male,89,38708,97
19,Male,65,87270,3
20,Male,26,45518,12
21,Male,21,199879,49
22,Male,70,163828,36
23,Male,24,109188,6
24,Female,39,48212,36
25,Male,61,141596,45
26,Female,19,192492,57
27,Male,79,109550,7
28,Female,61,38132,15
29,Female,73,170959,55
30,Male,58,80731,23
31,Female,90,123085,25
32,Female,39,135748,95
33,Female,35,71372,52
34,Male,79,164259,96
35,Female,57,105742,7
36,Male,76,189412,87
37,Male,40,64309,62
38,Female,82,84966,66
39,Female,84,35701,5
40,Female,56,43376,52
41,Female,21,118137,43
42,Male,55,77165,86
43,Male,24,119922,80
44,Male,45,82425,39
45,Male,28,149778,15
46,Female,67,129484,80
47,Female,69,73479,77
48,Female,26,81259,29
49,Male,45,147126,1
50,Female,39,44774,12
51,Female,27,198647,25
52,Female,58,85181,16
53,Male,46,87741,3
54,Female,45,137494,68
55,Female,63,56531,2
56,Male,36,63564,23
57,Female,25,198265,29
58,Male,62,22655,39
59,Male,36,125614,35
60,Female,48,170509,54
61,Female,50,101081,32
62,Female,48,45667,95
63,Female,49,189732,2
64,Female,80,30718,49
65,Female,33,134933,90
66,Male,21,55978,34
67,Female,38,36650,91
68,Female,83,173558,53
69,Female,54,29187,61
70,Female,81,188612,45
71,Male,44,101492,55
72,Male,23,169008,31
73,Female,39,145660,81
74,Female,75,118063,35
75,Female,19,95891,93
76,Male,24,154402,79
77,Female,44,112848,14
78,Female,55,127451,31
79,Male,60,98827,27
80,Male,33,67969,27
81,Female,52,60785,9
82,Female,72,66416,53
83,Male,72,152544,59
84,Female,72,35507,72
85,Male,68,167873,24
86,Male,65,23002,32
87,Female,81,111464,34
88,Female,64,120469,20
89,Male,76,85934,48
90,Female,30,99419,4
91,Female,68,194339,35
92,Male,70,187033,14
93,Male,57,164879,9
94,Female,90,34276,98
95,Male,65,97470,67
96,Female,36,142836,40
97,Female,72,62084,59
98,Male,61,166752,93
99,Male,46,43269,54
100,Male,68,114111,42
101,Female,31,75683,65
102,Male,51,196283,31
103,Female,37,132793,22
104,Male,25,141598,63
105,Male,30,195148,27
106,Female,21,175112,33
107,Male,65,81473,10
108,Male,21,172147,80
109,Female,22,106474,74
110,Female,70,198254,13
111,Male,71,148746,13
112,Female,27,40263,77
113,Female,21,115816,55
114,Male,53,149880,32
115,Female,51,88029,84
116,Female,49,193839,43
117,Female,56,54564,18
118,Male,55,134714,96
119,Male,84,187596,44
120,Male,38,129717,71
121,Female,46,48265,62
122,Male,27,179234,97
123,Female,53,156298,35
124,Male,65,156022,49
125,Male,22,158363,83
126,Female,23,114512,25
127,Female,18,96397,64
128,Female,44,171517,76
129,Female,38,181538,68
130,Male,54,47403,42
131,Female,88,167725,51
132,Female,24,185297,95
133,Male,70,160196,34
134,Female,42,117940,82
135,Male,74,190938,65
136,Female,22,138220,20
137,Male,78,94764,75
138,Female,44,83991,1
139,Male,70,82642,56
140,Female,58,123333,91
141,Male,38,70435,24
142,Male,88,189093,50
143,Female,33,177848,29
144,Female,59,96744,97
145,Female,72,83218,32
146,Male,27,39027,29
147,Female,35,139195,33
148,Female,37,144020,45
149,Female,44,186527,6
150,Male,29,48177,53
151,Female,58,139447,35
152,Female,39,119071,3
153,Male,33,181795,1
154,Female,65,150797,44
155,Female,52,76398,31
156,Female,45,58209,64
157,Male,82,122425,46
158,Female,59,46020,78
159,Female,34,61463,72
160,Male,52,29917,3
161,Male,59,194285,47
162,Female,45,96402,43
163,Male,29,146297,82
164,Male,83,148435,71
165,Male,26,111030,96
166,Male,79,27136,48
167,Male,49,197608,33
168,Female,19,55184,32
169,Female,48,92981,70
170,Male,22,40540,40
171,Male,54,88161,40
172,Male,83,165910,52
173,Male,60,167341,34
174,Female,78,90847,77
175,Female,33,35619,73
176,Female,27,41176,50
177,Female,33,120389,51
178,Male,55,74456,13
179,Female,46,181085,64
180,Female,87,46613,76
181,Male,79,83333,73
182,Female,19,165788,44
183,Female,22,99687,51
184,Male,31,83755,8
185,Male,84,155012,80
186,Male,27,56250,100
187,Male,20,111933,39
188,Male,36,191350,99
189,Female,77,94946,92
190,Female,67,63064,26
191,Male,26,82707,4
192,Female,34,135368,27
193,Male,40,44192,70
194,Male,41,32923,95
195,Male,57,100359,18
196,Female,35,28555,18
197,Female,85,142048,11
198,Female,63,111526,91
199,Male,35,33041,15
200,Male,77,157332,57
201,Male,25,71927,39
202,Male,28,194371,19
203,Male,31,85563,28
204,Female,85,130091,37
205,Male,90,42161,94
206,Male,28,159617,71
207,Male,70,46295,54
208,Male,46,74147,48
209,Male,71,190491,75
210,Female,81,124912,24
211,Male,35,84210,53
212,Male,37,134784,6
213,Male,71,185966,6
214,Male,50,140875,83
215,Male,65,177020,100
216,Male,83,151188,88
217,Female,39,33191,2
218,Female,32,163264,64
219,Male,26,40345,23
220,Male,24,184070,21
221,Female,65,44776,36
222,Female,36,119502,52
223,Female,41,113729,54
224,Female,83,194008,55
225,Female,61,60084,36
226,Female,84,144269,1
227,Female,33,109638,49
228,Female,89,88161,50
229,Female,35,182663,68
230,Female,89,91139,59
231,Male,40,180570,23
232,Female,69,57994,35
233,Female,88,172761,69
234,Female,34,38774,84
235,Male,88,80079,9
236,Female,61,23888,59
237,Female,60,189867,98
238,Female,78,23342,91
239,Female,35,76836,29
240,Male,53,170065,28
241,Male,33,99420,64
242,Male,86,174987,71
243,Female,90,117976,85
244,Male,84,74475,54
245,Female,54,103099,49
246,Male,20,188784,21
247,Female,86,28187,37
248,Female,73,145465,54
249,Female,35,120472,94
250,Female,88,37300,4
251,Female,54,113062,65
252,Male,19,150107,61
253,Male,84,22452,48
254,Female,60,42834,32
255,Female,39,81494,66
256,Female,85,59981,38
257,Female,60,91707,89
258,Male,85,31207,51
259,Female,82,160112,44
260,Male,44,199826,4
261,Male,48,124952,1
262,Female,21,42522,48
263,Male,87,54581,94
264,Male,41,68045,37
265,Female,52,141101,30
266,Female,76,74629,27
267,Female,72,70373,4
268,Male,67,22820,19
269,Female,32,83620,77
270,Female,71,96598,33
271,Male,38,55259,53
272,Female,57,26527,59
273,Male,80,152277,50
274,Male,60,150622,51
275,Male,53,177668,26
276,Female,84,138972,90
277,Male,26,52463,75
278,Female,34,139068,63
279,Female,67,193657,23
280,Female,31,154450,38
281,Female,81,116964,89
282,Male,67,122895,41
283,Female,32,176367,2
284,Female,32,118656,21
285,Male,81,68370,93
286,Male,77,105926,7
287,Female,27,124703,17
288,Female,59,147027,49
289,Female,37,110855,1
290,Male,47,70702,66
291,Male,28,82523,10
292,Male,63,42330,88
293,Male,18,178560,90
294,Male,55,129907,39
295,Female,46,134580,1
296,Female,72,107376,38
297,Female,78,125187,95
298,Male,62,186372,61
299,Female,60,127462,31
300,Female,76,74630,37
301,Male,32,95027,5
302,Female,77,126515,52
303,Male,56,166446,89
304,Male,64,158708,2
305,Female,67,120643,87
306,Male,52,57458,35
307,Female,58,29260,83
308,Male,50,190730,46
309,Female,54,184263,13
310,Male,23,142365,37
311,Male,59,193543,47
312,Female,22,129465,92
313,Male,77,65179,75
314,Male,53,30343,26
315,Female,46,38876,73
316,Male,57,135290,39
317,Female,76,189305,39
318,Male,34,151112,35
319,Male,89,66323,86
320,Female,34,174069,15
321,Male,64,76655,16
322,Male,24,143372,25
323,Female,55,111764,18
324,Male,84,142286,39
325,Female,72,148326,95
326,Female,53,101061,61
327,Male,85,161924,26
328,Female,85,173245,84
329,Male,45,196725,19
330,Female,43,20953,32
331,Female,86,109022,29
332,Female,19,129516,21
333,Female,45,164003,51
334,Female,36,27840,36
335,Female,51,145171,71
336,Male,38,26427,39
337,Male,27,56203,32
338,Male,19,82173,10
339,Male,81,54017,17
340,Male,72,54956,2
341,Male,78,186007,97
342,Male,53,160578,6
343,Female,83,178348,29
344,Female,77,169719,55
345,Female,54,165825,98
346,Male,42,193045,89
347,Male,70,78287,3
348,Female,29,118684,34
349,Male,88,116405,39
350,Male,37,121849,4
351,Female,22,143719,41
352,Female,21,101576,83
353,Female,36,26334,57
354,Male,50,157555,17
355,Male,53,74738,55
356,Male,70,129521,31
357,Female,38,137145,59
358,Male,58,38318,60
359,Female,48,91467,69
360,Female,51,45879,15
361,Male,27,52391,41
362,Female,33,119850,56
363,Female,76,170078,6
364,Male,79,117332,26
365,Female,52,174466,55
366,Female,85,101361,96
367,Male,18,98304,58
368,Female,41,144752,78
369,Female,82,24320,23
370,Male,54,106714,20
371,Male,22,194907,76
372,Male,75,85799,96
373,Male,71,63982,75
374,Female,41,87073,25
375,Female,90,140436,10
376,Female,21,90740,56
377,Male,69,174694,43
378,Female,75,71474,91
379,Male,70,56374,7
380,Male,40,88459,95
381,Female,23,133914,44
382,Female,41,182523,79
383,Male,34,183346,22
384,Female,78,136769,33
385,Male,40,20733,51
386,Female,20,41393,30
387,Male,73,36205,21
388,Female,47,65662,57
389,Male,56,97772,74
390,Female,71,197836,15
391,Female,57,54469,10
392,Female,60,124047,98
393,Male,73,81323,70
394,Female,82,39391,26
395,Male,48,101082,26
396,Female,77,109549,74
397,Male,59,194924,40
398,Male,60,178052,54
399,Female,23,106726,22
400,Male,45,198713,19
401,Male,63,92958,25
402,Male,18,159187,56
403,Male,71,93430,16
404,Female,24,42163,74
405,Female,71,122521,66
406,Female,87,135385,78
407,Male,44,183922,2
408,Male,70,20908,68
409,Female,58,173955,56
410,Female,88,94293,83
411,Female,26,21649,59
412,Female,69,180330,53
413,Male,73,37561,86
414,Female,88,81898,73
415,Male,64,101560,75
416,Male,85,44607,13
417,Male,64,173348,84
418,Female,63,127435,77
419,Male,64,170870,72
420,Male,21,129790,7
421,Male,79,80187,83
422,Male,83,159614,8
423,Male,76,89407,16
424,Male,67,153531,59
425,Female,85,198777,89
426,Male,59,78594,19
427,Male,55,85115,91
428,Male,39,193628,85
429,Female,77,102407,100
430,Female,34,89281,56
431,Male,86,82548,60
432,Female,40,103640,52
433,Female,68,91405,1
434,Male,79,123445,66
435,Male,29,137270,66
436,Male,83,171348,63
437,Female,41,141119,40
438,Female,82,127526,14
439,Female,75,185054,47
440,Female,78,107494,94
441,Male,53,57688,10
442,Male,78,149736,44
443,Male,75,50256,78
444,Female,66,134911,59
445,Female,86,74521,6
446,Male,29,148755,82
447,Female,19,161632,9
448,Male,68,38528,98
449,Male,84,22909,75
450,Female,67,187832,10
451,Female,46,95914,81
452,Female,55,153041,38
453,Male,84,76245,50
454,Male,67,129619,38
455,Female,69,198222,25
456,Male,65,119444,93
457,Male,78,38448,48
458,Male,40,97741,52
459,Female,72,164386,46
460,Male,54,91225,28
461,Female,19,122126,46
462,Female,62,54526,76
463,Male,55,158515,50
464,Female,26,154839,83
465,Male,51,154021,71
466,Male,51,191537,41
467,Male,34,66604,91
468,Female,79,69881,29
469,Female,53,85717,13
470,Female,49,190332,53
471,Male,48,26077,52
472,Female,23,174708,85
473,Female,80,156773,67
474,Female,19,169276,95
475,Female,79,95639,76
476,Female,75,124498,27
477,Female,44,120679,77
478,Male,52,152295,91
479,Male,69,165227,27
480,Female,66,159783,32
481,Female,38,175705,31
482,Female,64,137245,60
483,Female,45,194383,4
484,Female,73,59263,35
485,Female,63,95665,99
486,Male,73,48069,82
487,Female,83,113215,70
488,Male,74,53856,23
489,Female,39,172160,6
490,Female,86,72309,54
491,Male,41,49545,43
492,Female,57,120031,39
493,Male,69,167306,54
494,Male,66,89511,46
495,Male,40,55208,16
496,Female,60,108863,80
497,Female,46,181242,98
498,Male,88,169138,100
499,Female,57,164003,55
500,Female,51,37102,43
501,Male,70,55667,22
502,Female,64,176766,68
503,Male,81,196637,74
504,Female,20,184387,40
505,Male,58,104660,47
506,Female,77,139804,22
507,Female,41,174504,52
508,Male,86,52216,62
509,Male,40,80082,79
510,Female,43,127348,7
511,Male,56,48666,47
512,Female,74,40689,75
513,Male,82,135260,63
514,Female,25,135621,44
515,Male,52,22771,1
516,Male,36,185752,31
517,Male,58,124853,30
518,Female,83,25680,74
519,Female,49,123489,79
520,Female,79,123362,7
521,Female,36,133984,93
522,Male,56,50427,52
523,Male,74,109479,75
524,Female,29,79914,38
525,Male,48,70861,79
526,Male,61,173781,57
527,Male,42,124496,64
528,Male,20,190420,69
529,Male,34,100159,59
530,Male,33,54510,96
531,Male,38,156178,41
532,Male,51,59939,59
533,Male,22,145127,53
534,Male,67,64896,99
535,Female,84,88812,51
536,Female,26,154753,57
537,Male,69,159919,40
538,Male,19,45336,53
539,Female,56,160231,12
540,Male,41,144324,21
541,Female,22,131870,14
542,Male,69,20104,39
543,Female,57,77952,5
544,Male,24,199076,65
545,Male,31,92650,2
546,Male,25,170959,70
547,Male,55,83562,34
548,Male,54,172382,23
549,Male,39,60008,27
550,Male,31,144867,81
551,Male,72,196122,11
552,Female,87,27167,33
553,Male,71,168707,99
554,Female,69,93861,12
555,Female,37,55490,27
556,Female,47,114120,15
557,Male,52,187849,59
558,Female,49,99984,63
559,Male,74,184858,29
560,Male,34,160824,50
561,Male,72,73969,65
562,Female,36,138816,65
563,Male,28,145481,88
564,Female,90,114829,2
565,Male,47,87398,24
566,Male,86,61327,7
567,Female,73,124554,15
568,Female,55,83935,85
569,Male,67,60892,59
570,Male,78,20413,44
571,Male,64,108810,63
572,Female,43,132743,36
573,Female,83,104181,1
574,Male,34,125144,85
575,Female,77,32247,63
576,Male,59,111425,52
577,Female,72,38618,31
578,Male,57,63778,57
579,Male,71,193546,63
580,Male,31,30505,48
581,Female,81,72824,24
582,Male,82,117130,58
583,Male,41,114443,14
584,Female,58,126819,34
585,Female,72,160849,97
586,Male,80,95597,47
587,Female,23,73735,98
588,Female,83,163569,18
589,Female,35,195678,71
590,Male,67,122477,19
591,Female,29,98005,38
592,Female,66,140084,44
593,Female,33,183148,84
594,Male,87,140111,44
595,Female,72,38611,87
596,Male,61,195305,66
597,Male,63,170688,73
598,Female,69,78140,41
599,Male,31,153008,58
600,Female,27,131134,99
601,Male,22,76090,13
602,Female,38,184355,71
603,Female,83,31241,58
604,Male,50,91230,27
605,Female,38,65547,61
606,Male,75,129187,21
607,Female,70,91037,11
608,Female,85,153007,31
609,Female,87,152894,70
610,Male,57,31879,43
611,Female,36,96992,80
612,Male,54,174665,37
613,Female,43,56543,81
614,Female,87,24933,70
615,Female,39,47123,26
616,Male,74,134385,26
617,Female,45,71723,21
618,Female,26,158873,77
619,Male,44,163155,79
620,Male,21,144965,36
621,Female,31,144207,81
622,Male,82,109643,16
623,Male,22,100009,28
624,Male,53,71711,100
625,Male,69,192592,71
626,Female,30,196354,9
627,Female,64,183627,18
628,Female,82,194775,74
629,Female,57,167315,32
630,Female,22,140054,51
631,Male,56,97860,53
632,Female,90,199124,11
633,Female,34,57864,62
634,Male,41,95094,78
635,Female,21,146016,85
636,Male,21,63732,88
637,Male,47,40378,10
638,Male,87,142648,72
639,Male,86,183401,24
640,Female,71,74309,26
641,Male,20,150191,99
642,Male,33,139770,8
643,Male,64,195668,83
644,Male,84,196994,86
645,Male,66,153493,46
646,Female,21,65829,71
647,Female,71,68902,7
648,Male,48,34334,72
649,Female,69,140446,31
650,Female,42,50311,98
651,Male,62,180947,48
652,Female,50,75689,44
653,Male,82,168093,92
654,Male,84,90479,96
655,Female,34,67592,9
656,Female,54,38854,91
657,Female,37,63136,78
658,Male,90,133348,62
659,Male,39,190374,50
660,Female,87,131804,6
661,Male,39,119018,38
662,Female,80,48706,31
663,Female,68,140546,51
664,Female,66,112968,73
665,Male,85,129072,61
666,Male,37,196133,55
667,Female,53,127298,8
668,Male,57,103755,14
669,Male,89,62184,22
670,Male,63,88947,26
671,Female,37,180052,88
672,Male,58,166959,29
673,Female,62,150808,36
674,Female,81,102709,6
675,Female,89,133661,2
676,Male,19,144231,36
677,Male,39,194799,46
678,Female,42,191997,89
679,Male,58,100317,11
680,Male,72,96935,89
681,Male,24,180003,17
682,Female,90,38784,64
683,Female,25,143162,45
684,Male,84,95450,78
685,Female,52,24667,41
686,Female,66,67024,81
687,Male,55,180936,58
688,Female,30,97533,99
689,Male,79,152325,95
690,Male,75,87225,9
691,Female,28,70856,59
692,Male,88,39342,67
693,Female,42,40136,53
694,Male,48,71283,1
695,Male,64,145973,16
696,Female,44,34010,57
697,Male,39,33550,11
698,Female,32,45918,4
699,Female,80,136836,85
700,Female,34,46580,2
701,Male,70,179860,41
702,Male,83,180766,80
703,Female,31,197347,72
704,Male,18,132488,87
705,Male,86,68477,32
706,Male,82,100445,77
707,Male,86,96699,35
708,Female,34,51610,82
709,Female,46,129463,22
710,Female,54,113387,97
711,Female,85,49379,15
712,Male,49,88212,96
713,Female,73,190422,63
714,Female,60,173741,20
715,Male,62,153858,17
716,Male,21,33269,93
717,Male,65,162596,64
718,Male,83,74815,82
719,Female,42,28411,7
720,Male,90,163256,4
721,Female,78,45558,72
722,Female,61,159298,70
723,Female,64,166158,55
724,Male,18,154195,30
725,Female,35,76966,71
726,Female,18,33355,2
727,Female,83,119458,21
728,Male,58,30990,37
729,Female,20,45574,88
730,Male,78,160067,80
731,Male,71,129333,61
732,Male,54,112107,44
733,Female,29,86306,9
734,Female,48,162071,67
735,Female,36,129514,72
736,Female,54,185161,38
737,Male,67,114207,5
738,Male,19,120882,56
739,Male,35,181792,42
740,Male,27,59681,34
741,Male,18,122518,85
742,Male,63,114478,99
743,Female,71,147895,83
744,Male,29,30192,79
745,Female,47,130569,49
746,Male,89,175733,34
747,Male,66,48675,54
748,Female,46,187218,81
749,Male,89,65850,49
750,Female,34,30409,78
751,Female,43,86441,81
752,Female,64,81651,73
753,Male,71,154377,32
754,Female,42,89716,47
755,Female,33,170368,3
756,Male,24,149763,24
757,Male,85,75489,14
758,Female,26,58208,78
759,Female,65,183468,82
760,Female,86,197393,62
761,Female,69,64739,84
762,Male,23,94882,66
763,Male,35,93920,74
764,Female,45,194577,22
765,Female,70,161459,45
766,Female,62,151015,74
767,Female,57,87265,99
768,Female,52,197380,64
769,Male,50,164703,73
770,Female,35,87068,74
771,Female,67,142820,12
772,Female,20,57414,66
773,Female,23,35821,26
774,Female,68,129922,70
775,Male,31,165920,39
776,Female,40,96771,51
777,Male,74,160882,5
778,Female,34,55983,9
779,Female,41,158601,18
780,Female,66,180763,79
781,Female,32,24024,19
782,Male,85,103010,34
783,Female,42,49970,13
784,Male,90,153585,36
785,Female,71,95374,36
786,Female,84,33155,68
787,Male,87,144187,83
788,Female,76,98844,84
789,Female,52,48968,100
790,Female,23,84346,17
791,Female,80,80553,8
792,Female,84,71621,89
793,Female,55,135073,12
794,Male,79,93783,33
795,Male,70,198305,85
796,Female,53,146455,68
797,Male,31,177879,20
798,Male,64,171097,24
799,Male,58,166019,39
800,Male,48,55191,99
801,Female,65,111980,58
802,Male,62,74749,94
803,Male,20,56688,4
804,Female,33,98626,82
805,Male,46,115058,75
806,Female,41,199456,9
807,Male,68,139769,60
808,Female,49,64643,3
809,Female,86,154730,87
810,Female,70,134646,60
811,Male,55,169165,82
812,Female,64,49198,70
813,Male,88,59948,53
814,Female,39,111425,85
815,Female,58,115529,38
816,Male,49,195029,99
817,Female,20,188328,13
818,Female,31,40699,100
819,Female,46,171943,78
820,Male,88,121555,65
821,Female,25,127328,83
822,Female,87,178693,27
823,Male,78,133038,19
824,Female,50,56604,72
825,Female,55,189945,97
826,Female,85,133601,1
827,Male,41,92549,8
828,Male,31,152964,44
829,Male,43,144656,17
830,Male,83,132512,7
831,Female,69,169335,10
832,Female,45,72217,45
833,Male,36,134815,100
834,Male,80,190903,21
835,Female,59,169200,89
836,Male,34,178957,93
837,Male,23,187873,53
838,Female,19,105512,47
839,Male,61,118870,78
840,Male,86,99837,41
841,Female,21,178843,16
842,Female,80,101836,81
843,Female,83,39314,21
844,Male,32,62758,17
845,Female,36,65511,37
846,Male,67,110877,22
847,Male,76,92593,65
848,Male,47,184654,68
849,Female,37,68561,48
850,Female,69,132316,34
851,Female,64,143666,85
852,Female,24,130987,92
853,Female,66,34176,7
854,Male,42,171128,75
855,Male,72,188096,3
856,Male,51,156948,29
857,Male,47,106157,82
858,Female,20,71561,32
859,Female,42,98960,51
860,Male,46,68144,72
861,Male,82,138788,41
862,Female,27,166551,65
863,Female,28,30736,4
864,Female,73,117656,23
865,Male,67,27210,71
866,Female,44,161667,35
867,Male,55,124649,58
868,Female,59,188031,33
869,Female,36,153529,63
870,Male,51,177697,34
871,Female,72,90187,43
872,Female,49,81804,85
873,Female,60,67828,12
874,Male,77,56428,76
875,Male,74,22367,98
876,Female,65,179989,67
877,Male,37,114596,67
878,Female,40,179075,65
879,Female,62,121950,41
880,Female,57,40925,23
881,Female,20,167993,19
882,Male,32,121633,40
883,Female,60,35782,58
884,Male,87,105032,94
885,Female,26,38428,31
886,Male,44,173937,91
887,Male,26,186992,42
888,Female,80,74099,40
889,Female,63,150185,13
890,Male,71,115198,77
891,Female,63,78296,34
892,Male,28,80307,38
893,Male,55,53038,29
894,Male,87,55792,84
895,Female,36,39689,49
896,Male,19,153781,6
897,Male,52,116662,29
898,Male,38,76663,80
899,Female,24,159414,79
900,Female,72,120085,81
901,Male,63,102167,19
902,Female,37,175496,73
903,Male,38,190821,38
904,Male,71,84268,27
905,Male,39,162820,89
906,Male,80,33193,63
907,Male,80,80537,75
908,Female,51,183939,18
909,Female,33,163858,37
910,Male,87,75396,83
911,Male,50,67687,79
912,Male,83,71541,10
913,Male,71,108614,31
914,Male,19,59348,23
915,Female,85,126069,72
916,Female,62,31948,1
917,Male,89,177512,62
918,Male,90,84929,83
919,Male,90,140063,79
920,Female,57,38224,4
921,Female,40,20442,23
922,Male,47,162352,86
923,Female,36,199934,38
924,Female,79,108865,26
925,Male,71,152722,11
926,Male,26,141600,84
927,Male,28,76394,96
928,Female,90,140857,45
929,Male,36,162031,9
930,Female,55,190813,22
931,Female,40,44095,17
932,Male,67,48217,34
933,Female,45,94535,7
934,Female,83,125511,12
935,Male,66,55422,98
936,Female,59,63061,79
937,Male,67,170005,51
938,Male,41,79851,57
939,Female,81,162193,50
940,Male,80,80468,35
941,Male,39,168654,91
942,Female,75,96952,78
943,Male,71,46751,27
944,Female,90,48500,87
945,Male,83,122787,97
946,Female,44,56095,98
947,Male,78,120169,34
948,Male,66,45575,1
949,Male,41,161614,7
950,Female,64,189594,84
951,Male,46,107928,5
952,Female,44,39712,47
953,Male,27,42401,53
954,Female,53,137028,21
955,Male,46,62957,15
956,Male,59,135310,49
957,Female,29,34703,26
958,Female,69,161582,45
959,Male,83,151968,78
960,Male,32,36442,27
961,Male,75,65116,50
962,Male,36,141308,9
963,Female,69,44115,31
964,Female,28,136112,63
965,Male,31,161192,11
966,Male,35,131200,27
967,Male,41,59087,74
968,Male,66,121139,27
969,Female,89,162578,75
970,Female,47,76662,63
971,Male,43,59106,57
972,Male,49,93112,73
973,Male,25,113464,1
974,Female,24,51686,31
975,Male,37,156602,7
976,Female,75,111023,73
977,Male,58,49579,81
978,Female,74,78019,81
979,Female,51,33185,58
980,Male,68,45630,20
981,Female,58,147733,51
982,Male,76,102849,27
983,Male,39,166452,34
984,Male,86,119742,94
985,Female,86,192901,27
986,Female,82,48232,25
987,Male,74,28100,51
988,Male,33,64795,45
989,Male,43,75609,71
990,Male,30,28032,79
991,Female,36,145469,65
992,Female,63,117469,17
993,Male,22,53048,82
994,Female,44,100108,13
995,Female,60,175868,7
996,Male,41,188180,18
997,Male,88,126918,84
998,Female,73,178461,75
999,Male,84,37244,35
1000,Female,76,124852,9
1001,Female,28,127447,34
1002,Male,54,171757,85
1003,Male,45,48710,79
1004,Female,56,85585,91
1005,Male,64,130835,65
1006,Female,18,88033,82
1007,Male,45,168639,37
1008,Female,69,112028,59
1009,Male,77,56662,78
1010,Male,32,146940,21
1011,Female,41,118767,25
1012,Male,79,101589,50
1013,Female,83,62279,1
1014,Female,53,79103,4
1015,Female,69,30459,11
1016,Male,61,136238,89
1017,Male,79,104565,48
1018,Male,78,135766,86
1019,Female,85,63312,7
1020,Female,65,188207,28
1021,Male,39,196640,78
1022,Male,33,138814,7
1023,Female,55,130471,76
1024,Female,59,25298,76
1025,Male,41,191769,68
1026,Female,79,99659,18
1027,Male,63,135239,66
1028,Male,46,133902,94
1029,Female,78,186037,60
1030,Female,69,157149,88
1031,Female,82,136991,41
1032,Male,31,123518,60
1033,Male,90,192338,59
1034,Female,48,45002,84
1035,Female,83,150867,71
1036,Female,57,74288,51
1037,Male,43,177446,14
1038,Male,65,129764,37
1039,Male,36,46072,2
1040,Male,36,108956,70
1041,Female,20,148279,90
1042,Female,21,82673,96
1043,Male,56,179815,2
1044,Female,38,100452,99
1045,Male,70,141868,82
1046,Male,49,135544,98
1047,Male,82,94305,88
1048,Male,21,120726,37
1049,Male,20,149016,1
1050,Male,41,159943,90
1051,Male,77,58786,78
1052,Female,30,76805,97
1053,Male,27,55536,32
1054,Male,60,130383,98
1055,Male,80,94248,45
1056,Female,44,157372,77
1057,Male,47,160934,77
1058,Male,37,142843,3
1059,Male,39,82780,77
1060,Male,69,81578,69
1061,Female,41,74248,74
1062,Male,61,31667,51
1063,Female,21,43644,41
1064,Female,77,129433,13
1065,Female,21,141651,59
1066,Female,45,98008,33
1067,Male,90,30106,81
1068,Female,81,109914,38
1069,Male,64,189253,31
1070,Female,66,118827,14
1071,Male,75,129898,64
1072,Male,77,96453,61
1073,Male,77,191839,22
1074,Female,30,32502,57
1075,Female,69,82627,95
1076,Female,29,191760,88
1077,Male,59,143480,51
1078,Male,72,45842,74
1079,Male,27,122499,24
1080,Female,80,24154,1
1081,Male,50,109977,78
1082,Female,25,199600,37
1083,Male,33,82063,53
1084,Female,20,61127,16
1085,Male,19,36886,59
1086,Male,79,189916,81
1087,Male,41,40081,87
1088,Female,78,98635,19
1089,Male,61,193151,39
1090,Male,31,169901,86
1091,Male,48,85718,29
1092,Male,48,31319,47
1093,Female,38,85370,61
1094,Female,43,92020,25
1095,Male,61,171183,29
1096,Male,28,123199,98
1097,Male,64,31629,29
1098,Female,70,153603,31
1099,Male,76,58100,28
1100,Male,52,25588,90
1101,Male,44,182368,32
1102,Female,83,185607,72
1103,Female,51,181837,45
1104,Female,87,48210,46
1105,Female,75,31056,95
1106,Male,46,98252,84
1107,Female,22,81428,81
1108,Male,24,154669,64
1109,Male,47,87630,17
1110,Male,59,71744,51
1111,Male,46,84357,64
1112,Female,44,27595,95
1113,Female,81,118427,39
1114,Male,58,57070,13
1115,Female,66,25968,74
1116,Male,66,37225,59
1117,Female,59,72876,59
1118,Female,28,88657,64
1119,Male,50,48916,28
1120,Male,81,95441,41
1121,Female,27,177593,46
1122,Male,63,79629,97
1123,Female,56,172023,59
1124,Female,30,187248,23
1125,Male,38,149779,77
1126,Female,61,61869,90
1127,Male,42,51495,76
1128,Female,23,191209,89
1129,Female,18,170359,50
1130,Male,23,42140,56
1131,Female,90,154016,94
1132,Female,41,161143,23
1133,Male,64,181359,82
1134,Female,46,31179,97
1135,Female,60,101192,54
1136,Male,74,198753,31
1137,Male,35,112265,99
1138,Male,79,167629,52
1139,Female,84,142021,10
1140,Female,89,140505,12
1141,Male,86,119131,28
1142,Female,72,47200,56
1143,Female,85,109068,2
1144,Female,81,121655,56
1145,Female,38,193906,66
1146,Female,33,167291,88
1147,Female,73,54654,27
1148,Male,37,186282,5
1149,Female,18,97203,48
1150,Female,48,98016,35
1151,Male,58,154233,32
1152,Female,32,110999,32
1153,Female,51,34274,3
1154,Male,86,115225,51
1155,Female,60,183866,34
1156,Female,62,24007,7
1157,Female,90,153258,81
1158,Female,45,48151,54
1159,Female,29,186921,16
1160,Male,51,188471,4
1161,Male,71,144391,38
1162,Female,70,125291,46
1163,Male,89,59951,13
1164,Male,77,197572,6
1165,Female,56,158605,6
1166,Male,78,82824,22
1167,Female,88,78240,18
1168,Male,64,49367,56
1169,Female,41,86738,71
1170,Female,28,20532,20
1171,Male,19,113294,97
1172,Female,50,173091,59
1173,Female,22,91559,49
1174,Male,26,57946,80
1175,Female,63,142120,28
1176,Female,77,155931,47
1177,Male,60,137514,99
1178,Male,65,118898,97
1179,Female,79,62097,55
1180,Male,40,40503,7
1181,Male,47,127556,87
1182,Male,45,90774,59
1183,Male,21,124870,19
1184,Male,55,193741,56
1185,Female,56,73071,89
1186,Male,39,56156,44
1187,Male,50,49112,74
1188,Female,36,130987,4
1189,Female,87,182091,14
1190,Male,70,51841,94
1191,Male,38,93172,96
1192,Male,85,50325,56
1193,Female,85,101047,65
1194,Male,55,183905,47
1195,Female,75,142861,45
1196,Female,45,20820,8
1197,Male,52,44444,4
1198,Male,32,114698,87
1199,Male,65,163879,78
1200,Female,63,120803,9
1201,Male,22,186838,6
1202,Female,65,40388,52
1203,Female,62,97287,5
1204,Male,79,83248,13
1205,Male,23,37466,97
1206,Female,34,149280,11
1207,Female,29,170268,5
1208,Male,22,67063,13
1209,Male,84,87495,34
1210,Male,20,74329,96
1211,Female,51,28876,9
1212,Male,40,172649,68
1213,Male,88,118210,46
1214,Male,51,68677,21
1215,Female,54,20970,7
1216,Male,46,69139,20
1217,Female,26,59456,94
1218,Female,54,23575,53
1219,Male,55,172131,98
1220,Male,84,164744,76
1221,Male,18,33775,13
1222,Male,41,118905,36
1223,Male,56,124202,54
1224,Female,78,45603,59
1225,Female,70,68189,3
1226,Male,82,63234,19
1227,Female,89,34904,13
1228,Male,42,90377,57
1229,Male,23,159264,70
1230,Male,33,140340,75
1231,Male,60,172766,79
1232,Male,80,131423,52
1233,Male,20,43889,86
1234,Male,44,130050,5
1235,Female,45,104104,47
1236,Male,50,75044,29
1237,Male,20,195860,98
1238,Female,22,53327,85
1239,Male,54,180202,41
1240,Male,64,122941,28
1241,Male,51,71073,76
1242,Male,59,152253,21
1243,Male,72,189546,59
1244,Female,79,140819,59
1245,Female,84,79616,25
1246,Female,69,183887,37
1247,Female,39,167940,17
1248,Female,63,39267,54
1249,Female,70,90451,25
1250,Male,43,36442,39
1251,Female,49,103063,32
1252,Male,74,137009,14
1253,Male,83,197898,38
1254,Male,37,184423,28
1255,Male,64,86981,27
1256,Male,45,61391,29
1257,Male,31,197578,34
1258,Female,20,148564,82
1259,Female,72,173892,13
1260,Male,30,46114,91
1261,Male,29,41076,20
1262,Male,57,151123,72
1263,Female,62,46973,46
1264,Female,39,144125,78
1265,Male,69,69086,65
1266,Male,89,96022,54
1267,Female,65,107478,59
1268,Female,47,149458,10
1269,Female,37,143768,96
1270,Female,82,193101,39
1271,Female,44,32358,51
1272,Male,76,23825,38
1273,Female,42,32499,33
1274,Male,19,85326,83
1275,Male,57,112064,71
1276,Male,56,136874,59
1277,Female,60,56182,28
1278,Male,90,40000,35
1279,Female,76,99849,30
1280,Male,30,49997,15
1281,Female,71,153562,91
1282,Male,25,120657,50
1283,Female,74,129142,63
1284,Female,41,173239,73
1285,Male,87,147692,71
1286,Female,19,175102,66
1287,Female,35,74445,55
1288,Female,78,56392,26
1289,Male,70,30425,65
1290,Male,37,109243,11
1291,Female,82,28546,91
1292,Female,80,79714,57
1293,Female,80,40730,17
1294,Male,73,64806,2
1295,Male,39,58394,85
1296,Female,35,149263,2
1297,Male,72,79863,35
1298,Male,51,65449,89
1299,Female,79,20179,82
1300,Female,78,59920,74
1301,Female,70,25739,20
1302,Female,62,123784,41
1303,Male,72,20921,51
1304,Female,33,57035,39
1305,Male,77,164690,73
1306,Male,69,152869,11
1307,Male,21,29017,23
1308,Male,27,182282,9
1309,Female,31,97597,41
1310,Female,39,117142,74
1311,Female,28,123614,60
1312,Female,88,121740,14
1313,Male,33,118693,57
1314,Male,82,156850,49
1315,Female,80,188044,20
1316,Male,89,67968,18
1317,Male,65,93707,27
1318,Male,82,68981,54
1319,Female,18,145216,33
1320,Female,81,35606,89
1321,Male,53,38664,42
1322,Female,23,92139,38
1323,Male,52,69104,16
1324,Male,90,179804,65
1325,Male,71,153322,1
1326,Female,57,71410,42
1327,Female,67,185087,68
1328,Female,78,120260,93
1329,Male,29,45087,65
1330,Female,78,146974,6
1331,Male,21,86585,87
1332,Male,20,45952,67
1333,Female,45,65057,95
1334,Male,57,79739,54
1335,Male,89,113454,80
1336,Male,32,90214,71
1337,Female,81,22824,10
1338,Male,63,78357,9
1339,Male,60,32191,98
1340,Male,88,93534,40
1341,Male,54,46319,39
1342,Male,87,55612,20
1343,Male,32,58499,85
1344,Female,24,64324,5
1345,Male,47,49759,52
1346,Female,56,88066,83
1347,Female,55,87740,50
1348,Female,88,70009,93
1349,Male,75,146719,24
1350,Female,54,85835,94
1351,Female,67,103862,53
1352,Male,80,198066,28
1353,Female,34,104458,65
1354,Male,85,133883,46
1355,Male,34,81814,48
1356,Female,45,195469,23
1357,Female,90,147091,33
1358,Female,20,124438,27
1359,Female,41,84442,98
1360,Female,39,101603,11
1361,Male,76,182291,22
1362,Male,21,37428,9
1363,Male,49,197959,84
1364,Male,71,134411,70
1365,Female,56,165594,76
1366,Male,44,23370,44
1367,Male,50,193064,63
1368,Female,27,105000,81
1369,Male,50,154562,93
1370,Male,41,154487,92
1371,Male,40,49821,77
1372,Male,63,66491,14
1373,Male,23,198123,70
1374,Male,76,146540,98
1375,Male,79,84929,20
1376,Male,50,180539,59
1377,Male,37,120883,82
1378,Female,27,165136,32
1379,Female,53,66142,5
1380,Male,27,62648,51
1381,Male,82,71027,38
1382,Female,57,173176,64
1383,Male,44,129040,16
1384,Female,50,79508,47
1385,Female,86,50624,67
1386,Female,89,130925,23
1387,Male,25,86222,84
1388,Male,31,30888,64
1389,Male,70,109471,5
1390,Female,62,97013,27
1391,Male,80,37201,31
1392,Male,43,190206,58
1393,Female,56,171382,37
1394,Male,40,137280,78
1395,Male,70,121668,87
1396,Male,65,175966,60
1397,Male,75,22880,90
1398,Male,81,195716,59
1399,Male,47,37878,99
1400,Male,86,109073,60
1401,Female,52,37812,77
1402,Female,26,45405,9
1403,Female,39,97520,43
1404,Female,36,32461,73
1405,Female,70,121030,3
1406,Male,51,110099,74
1407,Male,65,31557,69
1408,Female,23,185325,68
1409,Female,55,41874,50
1410,Female,84,115451,54
1411,Female,70,28186,46
1412,Female,78,56955,69
1413,Male,42,181116,46
1414,Female,62,42635,79
1415,Female,48,26228,53
1416,Female,80,104334,37
1417,Female,20,81952,29
1418,Female,37,170729,84
1419,Female,45,133976,32
1420,Male,83,100949,91
1421,Female,66,99421,54
1422,Female,88,35045,25
1423,Female,80,100270,7
1424,Male,52,25196,48
1425,Female,38,31020,51
1426,Male,68,97239,46
1427,Female,88,167380,53
1428,Male,62,154482,15
1429,Female,43,69601,2
1430,Male,31,58824,8
1431,Male,63,73933,10
1432,Female,48,181591,39
1433,Female,32,139668,97
1434,Female,67,185347,41
1435,Male,25,178760,93
1436,Male,75,82445,1
1437,Male,62,124146,53
1438,Male,90,175009,36
1439,Female,31,192458,38
1440,Male,66,89359,53
1441,Female,45,23655,66
1442,Male,46,195123,98
1443,Male,32,100814,41
1444,Female,48,182867,59
1445,Male,62,100090,60
1446,Male,19,94252,91
1447,Male,85,187630,38
1448,Female,47,59703,18
1449,Female,29,198566,49
1450,Female,75,152156,78
1451,Male,70,35740,23
1452,Female,85,65777,48
1453,Female,34,182531,73
1454,Male,73,175324,44
1455,Female,71,69174,43
1456,Female,62,154779,55
1457,Male,64,93964,8
1458,Male,44,122787,89
1459,Male,35,58812,48
1460,Female,46,166076,57
1461,Male,89,125040,36
1462,Male,86,40589,35
1463,Male,87,69367,17
1464,Male,55,114243,52
1465,Female,65,53749,98
1466,Male,57,73586,41
1467,Female,49,97156,49
1468,Male,80,102681,63
1469,Male,81,174829,47
1470,Female,76,177531,51
1471,Female,56,145172,51
1472,Male,78,101668,38
1473,Male,50,23835,57
1474,Male,82,39352,11
1475,Female,74,28750,67
1476,Male,43,187053,76
1477,Female,68,90369,14
1478,Male,26,162256,61
1479,Male,61,40536,77
1480,Female,18,169153,70
1481,Female,21,20897,37
1482,Male,87,109348,53
1483,Male,65,46096,15
1484,Female,76,199776,59
1485,Female,88,89470,33
1486,Male,27,169405,64
1487,Female,34,46118,9
1488,Male,59,137094,23
1489,Male,33,159229,82
1490,Female,40,26512,49
1491,Female,48,29548,55
1492,Female,61,173538,98
1493,Male,64,55150,5
1494,Male,86,100165,35
1495,Female,76,173778,27
1496,Female,55,49522,89
1497,Female,32,138000,21
1498,Female,54,42083,57
1499,Female,29,28458,61
1500,Female,36,69321,50
1501,Male,88,84624,30
1502,Male,75,134809,35
1503,Male,61,35349,77
1504,Male,44,53498,89
1505,Male,86,145243,25
1506,Male,32,35564,6
1507,Female,31,105433,84
1508,Female,89,96250,94
1509,Male,26,193927,42
1510,Female,76,76357,25
1511,Male,90,189570,1
1512,Female,74,35999,59
1513,Male,65,186952,51
1514,Female,84,85278,71
1515,Male,81,146214,90
1516,Female,55,155461,46
1517,Female,43,73171,15
1518,Female,26,32328,52
1519,Female,69,152344,75
1520,Female,53,30726,49
1521,Male,83,151069,50
1522,Male,77,136030,64
1523,Male,37,161532,92
1524,Female,82,109514,83
1525,Male,31,119270,79
1526,Male,53,182101,22
1527,Male,58,122001,41
1528,Male,24,172084,23
1529,Male,75,127765,93
1530,Male,85,115776,70
1531,Male,40,122518,73
1532,Female,61,28718,82
1533,Male,83,25375,24
1534,Female,49,103961,69
1535,Female,49,73690,47
1536,Female,39,87152,39
1537,Male,42,148897,40
1538,Male,60,107693,8
1539,Female,26,111258,91
1540,Male,61,36267,12
1541,Male,20,36980,99
1542,Male,28,52352,68
1543,Female,66,64187,65
1544,Female,41,41661,66
1545,Male,24,198879,100
1546,Female,57,97398,64
1547,Male,21,62056,81
1548,Female,69,84250,91
1549,Female,58,98907,34
1550,Male,66,54379,11
1551,Male,83,148085,39
1552,Female,38,148411,87
1553,Male,74,179913,5
1554,Male,23,23723,89
1555,Male,51,184446,78
1556,Male,20,155731,55
1557,Male,73,176332,68
1558,Male,63,178120,70
1559,Male,66,122141,79
1560,Female,71,77761,84
1561,Female,25,24449,67
1562,Female,59,72411,12
1563,Female,53,54721,20
1564,Male,53,68319,87
1565,Male,41,21275,74
1566,Male,28,121253,76
1567,Female,37,139264,94
1568,Male,48,65033,30
1569,Male,84,78803,89
1570,Female,49,174272,92
1571,Male,74,88168,49
1572,Male,67,62572,25
1573,Male,84,191921,29
1574,Male,68,115685,31
1575,Male,33,199974,89
1576,Male,59,136463,91
1577,Male,22,27557,21
1578,Female,31,97727,26
1579,Female,62,74599,55
1580,Female,70,29682,29
1581,Male,33,186172,41
1582,Male,60,140252,35
1583,Male,28,163852,96
1584,Female,53,110477,60
1585,Male,66,142648,76
1586,Female,28,75203,53
1587,Male,52,155333,13
1588,Female,58,154845,96
1589,Male,36,34796,78
1590,Male,55,196752,30
1591,Male,29,120272,1
1592,Female,26,189551,89
1593,Male,38,102342,37
1594,Female,76,23419,81
1595,Female,52,58278,52
1596,Female,86,163415,62
1597,Male,35,38725,96
1598,Male,18,167412,51
1599,Female,65,139922,41
1600,Female,69,184363,34
1601,Female,83,63152,29
1602,Male,55,91443,70
1603,Male,30,34334,78
1604,Male,44,120812,55
1605,Male,76,125673,93
1606,Male,56,107804,97
1607,Male,70,162133,36
1608,Female,32,25239,58
1609,Female,63,72368,36
1610,Female,76,52522,71
1611,Male,19,51450,21
1612,Female,68,124887,7
1613,Female,87,101328,50
1614,Male,81,89859,36
1615,Male,79,170260,8
1616,Female,89,145463,56
1617,Female,76,47825,98
1618,Male,27,159822,44
1619,Female,50,107783,1
1620,Male,29,75283,15
1621,Female,61,124481,6
1622,Male,34,81885,85
1623,Female,37,133135,91
1624,Male,36,83653,29
1625,Female,48,155979,43
1626,Male,44,71428,65
1627,Male,26,195850,6
1628,Male,76,109626,86
1629,Male,68,193591,87
1630,Male,75,30236,43
1631,Female,50,175589,26
1632,Male,32,41946,4
1633,Female,69,176349,22
1634,Male,25,103658,49
1635,Female,33,36545,15
1636,Male,32,176119,22
1637,Male,79,78788,92
1638,Male,75,35687,39
1639,Female,57,22928,24
1640,Female,27,89134,87
1641,Female,52,187024,47
1642,Female,27,59789,38
1643,Female,75,142387,88
1644,Female,79,63075,43
1645,Female,64,31419,44
1646,Female,24,97786,19
1647,Female,81,149116,23
1648,Female,28,105763,28
1649,Male,31,21434,17
1650,Male,46,41481,16
1651,Female,46,77869,88
1652,Female,49,55991,73
1653,Female,77,22709,28
1654,Female,72,106206,7
1655,Female,48,99453,29
1656,Male,33,57225,80
1657,Female,72,145160,10
1658,Male,84,37532,10
1659,Male,32,90856,6
1660,Male,30,187694,67
1661,Female,68,20866,77
1662,Female,71,197001,15
1663,Male,72,100164,78
1664,Female,83,79505,77
1665,Female,30,71792,16
1666,Male,38,193288,71
1667,Female,40,67859,21
1668,Female,28,182439,13
1669,Female,28,70650,33
1670,Male,51,164173,63
1671,Female,40,125497,63
1672,Female,53,174351,37
1673,Female,79,120780,23
1674,Male,85,58960,28
1675,Female,89,90809,13
1676,Male,89,174494,34
1677,Male,29,65528,18
1678,Female,85,107755,50
1679,Male,34,135433,47
1680,Female,75,161433,52
1681,Female,56,29897,72
1682,Male,56,135024,73
1683,Male,38,136575,49
1684,Female,87,126377,11
1685,Male,37,193293,74
1686,Female,52,62455,8
1687,Female,21,116740,22
1688,Female,64,86896,73
1689,Female,34,49255,30
1690,Male,42,26956,80
1691,Male,41,45700,96
1692,Female,59,124437,54
1693,Female,37,47436,84
1694,Female,73,128733,10
1695,Female,34,197613,73
1696,Male,24,43191,90
1697,Male,55,112316,53
1698,Male,69,188731,51
1699,Male,34,49960,34
1700,Male,43,187473,8
1701,Male,45,71012,12
1702,Male,26,169102,77
1703,Female,50,100904,58
1704,Male,62,21886,17
1705,Male,39,43020,21
1706,Male,25,136088,18
1707,Female,81,42908,8
1708,Male,34,47568,93
1709,Male,60,143326,93
1710,Male,75,107716,67
1711,Male,66,39049,35
1712,Female,89,21940,87
1713,Female,20,196164,64
1714,Female,35,76835,89
1715,Female,70,69382,77
1716,Male,37,160285,76
1717,Male,65,186108,4
1718,Female,57,138248,51
1719,Male,86,152236,42
1720,Female,65,127440,4
1721,Female,31,167243,21
1722,Male,84,170291,47
1723,Female,74,134579,13
1724,Male,41,178148,18
1725,Female,84,138555,19
1726,Female,82,134939,74
1727,Male,60,20983,100
1728,Male,72,151225,8
1729,Female,65,56974,75
1730,Female,30,54322,9
1731,Male,87,189593,23
1732,Male,25,80819,2
1733,Male,80,64344,38
1734,Male,88,28821,84
1735,Female,76,179441,4
1736,Female,73,98804,19
1737,Male,79,40055,15
1738,Male,71,180401,57
1739,Female,54,188310,70
1740,Male,61,23397,55
1741,Female,83,122923,79
1742,Male,43,123492,22
1743,Male,82,166464,81
1744,Male,37,169211,52
1745,Female,28,159110,40
1746,Female,35,152630,61
1747,Male,65,103966,35
1748,Female,58,23589,45
1749,Female,85,97522,11
1750,Male,27,156155,3
1751,Female,77,138289,64
1752,Female,67,112189,15
1753,Male,90,99822,56
1754,Female,36,158700,92
1755,Male,64,68848,88
1756,Female,53,88212,3
1757,Female,68,110326,43
1758,Male,53,195695,26
1759,Female,58,37562,11
1760,Male,72,20878,82
1761,Male,32,88808,88
1762,Male,38,87383,97
1763,Female,81,196802,87
1764,Male,43,172638,76
1765,Male,86,39459,25
1766,Male,52,102466,40
1767,Male,51,77602,43
1768,Female,27,72109,66
1769,Male,69,145865,95
1770,Male,31,175266,79
1771,Male,34,87545,13
1772,Male,48,171641,8
1773,Female,52,29336,41
1774,Male,42,141977,33
1775,Male,84,35601,66
1776,Male,24,98324,40
1777,Female,36,152925,19
1778,Male,40,66985,16
1779,Female,34,55205,20
1780,Male,29,44290,1
1781,Male,36,27305,34
1782,Female,64,72189,97
1783,Female,61,106352,60
1784,Female,88,130826,84
1785,Male,48,32916,29
1786,Male,73,163246,70
1787,Male,32,63786,81
1788,Male,76,98554,73
1789,Male,42,34632,66
1790,Male,40,53210,42
1791,Male,80,166058,49
1792,Male,18,112627,21
1793,Female,63,138351,5
1794,Male,78,140540,67
1795,Female,90,182058,52
1796,Female,33,21603,5
1797,Male,81,180509,46
1798,Male,26,177735,27
1799,Female,29,89885,4
1800,Male,19,40966,23
1801,Female,36,169052,94
1802,Male,46,42394,10
1803,Female,76,91358,4
1804,Male,63,121571,73
1805,Female,28,89697,94
1806,Female,23,170583,19
1807,Female,56,156770,20
1808,Male,84,135440,17
1809,Female,50,91772,47
1810,Male,36,197750,37
1811,Male,19,87765,85
1812,Male,89,98876,67
1813,Male,57,40926,80
1814,Female,40,34644,40
1815,Female,90,109054,92
1816,Female,29,50126,9
1817,Female,20,51082,7
1818,Male,59,144986,19
1819,Female,79,154154,86
1820,Male,67,158573,14
1821,Male,22,20199,34
1822,Female,68,98684,89
1823,Female,54,126194,89
1824,Female,31,34553,46
1825,Male,23,153922,20
1826,Female,30,44829,10
1827,Female,22,143583,100
1828,Female,67,67979,53
1829,Male,83,106391,43
1830,Female,59,89423,28
1831,Female,35,172523,41
1832,Female,62,111818,38
1833,Male,64,73644,91
1834,Female,64,168209,46
1835,Female,40,192881,39
1836,Male,33,114073,89
1837,Female,63,127043,20
1838,Male,41,22648,9
1839,Female,18,22036,55
1840,Female,51,191216,97
1841,Female,74,153154,39
1842,Female,50,187197,72
1843,Male,56,151648,8
1844,Male,66,150663,42
1845,Female,19,191192,95
1846,Male,88,171265,83
1847,Female,59,82408,14
1848,Male,78,51724,84
1849,Female,52,131198,21
1850,Female,33,127024,83
1851,Female,66,86216,88
1852,Female,76,95150,45
1853,Male,63,26230,58
1854,Male,28,107082,66
1855,Male,61,199363,3
1856,Male,83,53211,4
1857,Female,53,49697,46
1858,Female,75,31898,23
1859,Female,48,107177,15
1860,Female,73,146108,59
1861,Male,79,132708,71
1862,Male,44,149592,87
1863,Female,78,104986,70
1864,Female,29,31416,69
1865,Female,26,140235,35
1866,Female,30,93767,48
1867,Female,76,92672,48
1868,Female,76,114130,66
1869,Male,59,56097,96
1870,Female,62,80104,74
1871,Female,52,165429,15
1872,Female,63,119821,28
1873,Female,42,116540,19
1874,Female,80,118905,66
1875,Female,77,189466,1
1876,Female,84,50108,84
1877,Male,31,153075,43
1878,Female,59,195896,82
1879,Female,47,27095,12
1880,Male,37,40150,3
1881,Female,87,32857,2
1882,Male,30,140216,7
1883,Male,22,31929,99
1884,Male,66,98311,26
1885,Male,39,80043,47
1886,Male,86,135603,90
1887,Female,60,174351,64
1888,Male,72,175828,60
1889,Female,87,154901,17
1890,Male,27,137377,51
1891,Male,71,36027,49
1892,Female,28,68291,4
1893,Male,42,24001,95
1894,Male,24,150027,90
1895,Female,89,168614,76
1896,Female,58,73485,73
1897,Female,67,152453,43
1898,Female,86,187146,1
1899,Male,78,134947,61
1900,Male,34,150736,18
1901,Female,43,123366,43
1902,Male,45,162551,21
1903,Female,90,99288,97
1904,Female,60,116720,92
1905,Female,67,81991,60
1906,Female,52,47406,76
1907,Female,54,29398,37
1908,Male,46,148427,90
1909,Female,70,117045,46
1910,Male,72,126003,11
1911,Female,56,165783,2
1912,Male,71,70085,90
1913,Female,40,189156,8
1914,Female,48,99430,37
1915,Male,80,125030,42
1916,Female,61,113868,53
1917,Male,51,71339,1
1918,Female,38,43468,3
1919,Male,83,173203,52
1920,Male,79,194818,63
1921,Male,46,96971,15
1922,Male,47,172003,86
1923,Female,27,107792,45
1924,Male,28,137625,62
1925,Female,56,167222,87
1926,Female,88,188402,95
1927,Female,29,67197,3
1928,Female,77,86419,13
1929,Male,90,118604,42
1930,Female,79,179720,93
1931,Male,79,60062,42
1932,Male,51,178931,18
1933,Female,28,76942,59
1934,Male,53,118042,28
1935,Female,87,63313,73
1936,Female,56,119512,86
1937,Female,80,42513,20
1938,Male,34,27740,7
1939,Female,37,190729,45
1940,Female,76,120275,21
1941,Female,48,71907,72
1942,Male,79,163469,75
1943,Female,72,22824,20
1944,Male,86,68212,58
1945,Female,42,192245,69
1946,Male,28,155256,58
1947,Male,34,162056,81
1948,Male,18,118228,20
1949,Male,32,65636,84
1950,Male,77,195770,71
1951,Male,70,158672,43
1952,Male,37,98586,86
1953,Female,28,43056,88
1954,Female,44,44316,81
1955,Male,24,56346,62
1956,Female,32,178025,76
1957,Female,37,54165,37
1958,Male,19,73665,43
1959,Male,53,65798,80
1960,Female,22,193068,73
1961,Female,45,189649,57
1962,Male,18,149899,57
1963,Female,56,141924,16
1964,Female,65,25498,18
1965,Male,53,44464,64
1966,Male,83,100667,78
1967,Female,64,58197,48
1968,Male,84,167749,69
1969,Male,51,33043,31
1970,Male,64,26207,57
1971,Female,40,59318,34
1972,Male,49,76998,80
1973,Male,72,171683,53
1974,Female,45,51160,68
1975,Female,53,67671,76
1976,Female,87,84557,60
1977,Male,71,57776,29
1978,Female,66,89653,79
1979,Male,83,199893,5
1980,Male,30,136991,27
1981,Female,56,130365,39
1982,Male,37,150893,63
1983,Female,41,95729,11
1984,Male,70,147532,65
1985,Female,89,71424,95
1986,Male,88,54709,91
1987,Male,26,71104,11
1988,Female,55,169139,21
1989,Male,71,52721,32
1990,Female,86,81031,11
1991,Female,54,73555,89
1992,Male,52,160104,95
1993,Male,28,40934,72
1994,Female,43,102757,7
1995,Female,89,146649,85
1996,Female,87,97521,4
1997,Male,35,188659,38
1998,Female,73,165317,70
1999,Female,19,179553,33
2000,Male,84,76615,49
